"NAME","USERNAME","CITY","DATEOFJOINING","EXACTDOB","DESCRIPTION","STATUS"
"Jane","jane","mumbai","1995-02-03","1975-02-03T06:18:24.000+0000","Jane is a Good Girl","1"
"Joe","joe","bangalore","1995-12-30","1936-01-10T08:27:34.000+0000","Joe is a Good Boy","1"
"Naruto","naruto","Tokyo - 東京","1995-12-30","1936-01-10T08:27:34.000+0000","ナルトは火影です - i18n Check","1"
"Sasuke","sasuke","Kyoto - 京都","1995-12-30","1936-01-10T08:27:34.000+0000","サスケには千鳥がいる","1"
"Raja","raja","kolkata - কলকাতা","1995-12-30","1936-01-10T08:27:34.000+0000","raja khaye bang bhaja - রাজা খায়ে বাং ভজা","1"
"Jacob","jacob","Mumbai","1998-12-21","1983-12-21T13:05:28.641+0000","jacob likes to draw","1"
"Jamie","jamie","Bangalore","1998-12-21","1982-12-21T13:05:28.642+0000","jamie likes to write","1"
"Jenny","jenny","Chennai","1998-12-21","1981-12-21T13:05:28.642+0000","jenny likes to paint","1"
"Xing","xing","Hokkaido","1998-12-21","1980-12-21T13:05:28.642+0000","シンさんは北海道出身です","1"
